{"run":{"inputs":{"x":[1.000000000001,1.000000000001,1e-12,1.000000000001,1e-12,1e-12,1e-12,1.000000000001,1.000000000001,1.000000000001,1.000000000001,1e-12,1e-12,1e-12,1.000000000001,1.000000000001,1.000000000001,1e-12,1.000000000001,1.000000000001,1e-12,1.000000000001,1.000000000001,1e-12,1e-12,1e-12,1.000000000001,1.000000000001,1.000000000001,1.000000000001,1e-12,1.000000000001,1.000000000001,1.000000000001,1e-12,1e-12,1.000000000001,1e-12,1e-12,1.000000000001,1.000000000001,1.000000000001,1e-12,1e-12,1.000000000001,1.000000000001,1e-12,1.000000000001,1e-12,1.000000000001,1.000000000001,1e-12,1e-12,1.000000000001,1.000000000001,1e-12,1.000000000001,1.000000000001,1.000000000001,1.000000000001,1e-12,1.000000000001,1.000000000001,1e-12,1.000000000001,1.000000000001,1.000000000001,1.000000000001,1e-12,1e-12,1.000000000001,1e-12,1e-12,1e-12,1e-12,1.000000000001,1.000000000001,1.000000000001,1.000000000001,1e-12,1e-12,1e-12,1e-12,1.000000000001,1.000000000001,1e-12,1.000000000001,1e-12,1.000000000001,1.000000000001,1e-12,1.000000000001,1e-12,1e-12,1.000000000001,1.000000000001,1e-12,1e-12,1.000000000001,1e-12],"y":[1.000088900582341e-12,1.000088900582341e-12,1.000000000001,1.000088900582341e-12,1.000000000001,1.000000000001,1.000000000001,1.000088900582341e-12,1.000088900582341e-12,1.000088900582341e-12,1.000088900582341e-12,1.000000000001,1.000000000001,1.000000000001,1.000088900582341e-12,1.000088900582341e-12,1.000088900582341e-12,1.000000000001,1.000088900582341e-12,1.000088900582341e-12,1.000000000001,1.000088900582341e-12,1.000088900582341e-12,1.000000000001,1.000000000001,1.000000000001,1.000088900582341e-12,1.000088900582341e-12,1.000088900582341e-12,1.000088900582341e-12,1.000000000001,1.000088900582341e-12,1.000088900582341e-12,1.000088900582341e-12,1.000000000001,1.000000000001,1.000088900582341e-12,1.000000000001,1.000000000001,1.000088900582341e-12,1.000088900582341e-12,1.000088900582341e-12,1.000000000001,1.000000000001,1.000088900582341e-12,1.000088900582341e-12,1.000000000001,1.000088900582341e-12,1.000000000001,1.000088900582341e-12,1.000088900582341e-12,1.000000000001,1.000000000001,1.000088900582341e-12,1.000088900582341e-12,1.000000000001,1.000088900582341e-12,1.000088900582341e-12,1.000088900582341e-12,1.000088900582341e-12,1.000000000001,1.000088900582341e-12,1.000088900582341e-12,1.000000000001,1.000088900582341e-12,1.000088900582341e-12,1.000088900582341e-12,1.000088900582341e-12,1.000000000001,1.000000000001,1.000088900582341e-12,1.000000000001,1.000000000001,1.000000000001,1.000000000001,1.000088900582341e-12,1.000088900582341e-12,1.000088900582341e-12,1.000088900582341e-12,1.000000000001,1.000000000001,1.000000000001,1.000000000001,1.000088900582341e-12,1.000088900582341e-12,1.000000000001,1.000088900582341e-12,1.000000000001,1.000088900582341e-12,1.000088900582341e-12,1.000000000001,1.000088900582341e-12,1.000000000001,1.000000000001,1.000088900582341e-12,1.000088900582341e-12,1.000000000001,1.000000000001,1.000088900582341e-12,1.000000000001]},"details":{"y":[44.23126391433863,44.10175612236486,44.0447726938965,44.019699985370416,44.0086679936191,44.00381391724839,44.001678123645455,44.00073837446005,44.0003248848185,44.00014294937615,44.00006289778156,44.000027675079934,44.00001217709132,44.000005357976164,44.00000235756561,44.00000103738489,44.00000045650546,44.00000020091846,44.00000008846022,44.00000003897858],"Y":[44.000000000100115,44.000000000100115,44.000000000100115,44.000000000100115,44.000000000100115,44.000000000100115,44.000000000100115,44.000000000100115,44.000000000100115,44.000000000100115,44.000000000100115,44.000000000100115,44.000000000100115,44.000000000100115,44.000000000100115,44.000000000100115,44.000000000100115,44.000000000100115,44.000000000100115,44.000000000100115],"W":[0.7898439984689218,0.7875313593265366,0.7865137981038891,0.7860660711659253,0.7858690713132223,0.7857823913780324,0.7857442522065496,0.7857274709710963,0.785720087227497,0.7857168383803131,0.7857154088875529,0.7857147799107385,0.7857145031609403,0.7857143813910282,0.7857143278122677,0.7857143042376127,0.7857142938647649,0.7857142893007114,0.785714287292528,0.7857142864089269],"dy":[-0.231263914238518,-0.10175612226474584,-0.04477269379638216,-0.019699985270300147,-0.008667993518983508,-0.003813917148271173,-0.0016781235453393606,-0.0007383743599334025,-0.00032488471838121313,-0.00014294927603231145,-0.0000628976814454063,-0.00002767497981892575,-0.000012176991205592458,-0.000005357876048606158,-0.0000023574654974822806,-0.000001037284775406988,-4.5640534551694145e-7,-2.0081834151142175e-7,-8.836010323420851e-8,-3.8878461339209025e-8],"dW":[-0.00231263914238518,-0.0010175612226474584,-0.0004477269379638216,-0.00019699985270300147,-0.00008667993518983508,-0.00003813917148271173,-0.000016781235453393606,-0.000007383743599334025,-0.0000032488471838121312,-0.0000014294927603231145,-6.28976814454063e-7,-2.767497981892575e-7,-1.2176991205592457e-7,-5.357876048606158e-8,-2.3574654974822806e-8,-1.037284775406988e-8,-4.564053455169415e-9,-2.0081834151142175e-9,-8.83601032342085e-10,-3.8878461339209025e-10]},"predictions":{"x":[1.000000000001,1.000000000001,1.000000000001,1.000000000001,1e-12,1e-12,1e-12,1.000000000001,1e-12,1.000000000001,1.000000000001,1e-12,1e-12,1e-12,1e-12,1.000000000001,1.000000000001,1e-12,1.000000000001,1.000000000001],"y":[1.000000000001,1.000000000001,1.000000000001,1.000000000001,1e-12,1e-12,1e-12,1.000000000001,1e-12,1.000000000001,1.000000000001,1e-12,1e-12,1e-12,1e-12,1.000000000001,1.000000000001,1e-12,1.000000000001,1.000000000001],"evaluation":[0,0,0,0,0,0,0,0,0,0,0,0,0,0,0,0,0,0,0,0],"accuracy":0}}}